-- --------------------------------------------------------
-- Host:                         127.0.0.1
-- Versión del servidor:         8.0.32 - MySQL Community Server - GPL
-- SO del servidor:              Win64
-- HeidiSQL Versión:             12.10.0.7000
-- --------------------------------------------------------

/*!40101 SET @OLD_CHARACTER_SET_CLIENT=@@CHARACTER_SET_CLIENT */;
/*!40101 SET NAMES utf8 */;
/*!50503 SET NAMES utf8mb4 */;
/*!40103 SET @OLD_TIME_ZONE=@@TIME_ZONE */;
/*!40103 SET TIME_ZONE='+00:00' */;
/*!40014 SET @OLD_FOREIGN_KEY_CHECKS=@@FOREIGN_KEY_CHECKS, FOREIGN_KEY_CHECKS=0 */;
/*!40101 SET @OLD_SQL_MODE=@@SQL_MODE, SQL_MODE='NO_AUTO_VALUE_ON_ZERO' */;
/*!40111 SET @OLD_SQL_NOTES=@@SQL_NOTES, SQL_NOTES=0 */;

-- Volcando datos para la tabla ivtm.contribuyente: ~66 rows (aproximadamente)
INSERT INTO `contribuyente` (`idContribuyente`, `nombre`, `apellido1`, `apellido2`, `nifnie`, `direccion`, `numero`, `paisCCC`, `CCC`, `IBAN`, `email`, `bonificacion`, `ayuntamiento`) VALUES
	(1, 'Generoso', 'Martin', 'Martin', '09723206W', 'PENILLA', '0006', 'FR', '23185484465641685100', 'FR5623185484465641685100', 'GMM01@vehiculos2025.com', 0, 'ASTORGA'),
	(2, 'Giovani', 'Moran', 'Martinez', '09778772T', 'CAMINO DE SANTIAGO', '0024', 'GB', '36585214290025478551', 'GB0836585214290025478551', 'GMM02@vehiculos2025.com', 0, 'BENAVIDES'),
	(3, 'Khadouj', 'Sanchez', 'Castro', '09808061X', 'NUESTRA SEÑORA DEL CAMINO', '0099', 'ES', '65165654918886005001', 'ES1665165654918886005001', 'KSC00@vehiculos2025.com', 0, 'TRUCHAS'),
	(4, 'Nelida', 'Blanco', 'Chamorro', '11662128R', 'ERAS (LAS)', '0003', 'ES', '26221011628048788896', 'ES7426221011628048788896', 'NBC00@vehiculos2025.com', 0, 'BENAVIDES'),
	(5, 'Rocio', 'Otero', 'Gomara', '09808127F', 'SENDA (LA)', '0002', 'ES', '25165151118666365100', 'ES3925165151118666365100', 'ROG00@vehiculos2025.com', 0, 'VALVERDE'),
	(6, 'Bernardo', 'Dominguez', 'Cabeza', '09803456M', 'POZO (EL)', '0006', 'LT', '21856333126985542360', 'LT9321856333126985542360', 'BDC00@vehiculos2025.com', 0, 'VALVERDE'),
	(7, 'Federico', 'Gomez', 'Diez', '10198570W', 'REGUERO (EL)', '0002', 'ES', '52198484752100515144', 'ES4352198484752100515144', 'FGD00@vehiculos2025.com', 0, 'ASTORGA'),
	(8, 'Ana Belen', 'Lombas', 'Olle', '09722827Z', 'IGLESIA (LA)', '0007', 'ES', '66649444162310000255', 'ES2766649444162310000255', 'ALO00@vehiculos2025.com', 50, 'BENAVIDES'),
	(9, 'Carmen', 'Gomez', 'Castañeda', '09808038X', 'VIÑA (LA)', '0009', 'ES', '31215643855060225021', 'ES5631215643855060225021', 'CGC00@vehiculos2025.com', 0, 'BENAVIDES'),
	(10, 'German', 'Martinez', 'Garcia', '09757564K', 'IGLESIA (LA)', '0007', 'GB', '20910936583000000000', 'GB9720910936583000000000', 'GMG00@vehiculos2025.com', 0, 'BENAVIDES'),
	(11, 'Mario', 'Bernal', 'Guerra', '09789575Q', 'MADRID', '0017', 'ES', '20960583831234500000', 'ES3220960583831234500000', 'MBG00@vehiculos2025.com', 0, 'VALVERDE'),
	(12, 'Marta', 'Diez', 'Chen', '11942643P', 'JUAN CARLOS I', '0026', 'ES', '01826530120201560000', 'ES9001826530120201560000', 'MDC00@vehiculos2025.com', 0, 'BENAVIDES'),
	(13, 'Herminia', 'Almanzar', 'Robles', '09738099Z', 'PINOS (LOS)', '0254', 'FI', '24587946032003165464', 'FI5024587946032003165464', 'HAR00@vehiculos2025.com', 0, 'TRUCHAS'),
	(14, 'Luis', 'Domingo', 'Melcon', '09780389F', 'REAL', '0003', 'ES', '31624561042546920007', 'ES6931624561042546920007', 'LDM00@vehiculos2025.com', 0, 'TRUCHAS'),
	(15, 'Concepcion', 'Lopez', 'De la puente', '10178996R', 'ROSALES (LOS)', '0028', 'IT', '26551681807651415636', 'IT3526551681807651415636', 'CLD00@vehiculos2025.com', 0, 'BENAVIDES'),
	(16, 'Maria', 'Sutil', 'Herreras', '09791120C', 'SIN SALIDA', '0001', 'LU', '32628484504115151115', 'LU0932628484504115151115', 'MSH00@vehiculos2025.com', 0, 'ASTORGA'),
	(17, 'Dorina', 'Garcia', 'Getino', '09783952M', 'MONTE (EL)', '0046', 'ES', '62581542713690044508', 'ES8462581542713690044508', 'DGG00@vehiculos2025.com', 0, 'ASTORGA'),
	(18, 'Adolfo', 'Puerto', 'Marquez', '09778683A', 'CALLEJA (LA)', '0001', 'ES', '20960043033000100000', 'ES8020960043033000100000', 'APM00@vehiculos2025.com', 0, 'VALVERDE'),
	(19, 'Vittorio', 'Martines', 'Gracia', '09789574S', 'SENDA (LA)', '0003', 'ES', '65168874641561561500', 'ES9565168874641561561500', 'VMG00@vehiculos2025.com', 0, 'TRUCHAS'),
	(20, 'Latifa Epfouad Erre', 'Cadenas', 'Gonzalez', '09781327W', 'SIN SALIDA', '0001', 'ES', '20960031442124800000', 'ES7920960031442124800000', 'LCG00@vehiculos2025.com', 0, 'BENAVIDES'),
	(21, 'Marisa', 'Labarga', 'Candanedo', '09804568J', 'GENERAL', '0043', 'ES', '31245164156597845124', 'ES7631245164156597845124', 'MLC00@vehiculos2025.com', 0, 'ASTORGA'),
	(22, 'Agustin', 'Lopez', 'Martinez', '09779269Z', 'GENERAL', '0001', 'ES', '12548523465214585214', 'ES9012548523465214585214', 'ALM00@vehiculos2025.com', 0, 'ASTORGA'),
	(23, 'Sergio', 'Alaiz', 'Salas', '09753101C', 'TELENO', '0196', 'ES', '21654587985156484454', 'ES7521654587985156484454', 'SAS00@vehiculos2025.com', 0, 'BENAVIDES'),
	(24, 'Encarnacion', 'Lopez', 'Riverto', '09737592J', 'PINOS (LOS)', '0254', 'ES', '96536214865214585214', 'ES2396536214865214585214', 'ELR00@vehiculos2025.com', 0, 'BENAVIDES'),
	(25, 'Hugo', 'Perez', 'Diez', '11959694Q', 'VALDEFRESNO', '0007', 'AT', '22515651915640081011', 'AT2522515651915640081011', 'HPD00@vehiculos2025.com', 0, 'BENAVIDES'),
	(26, 'Marta', 'Lopez', 'Getino', '09762197P', 'GENERAL', '0070', 'DE', '01821135910205540000', 'DE9301821135910205540000', 'MLG00@vehiculos2025.com', 0, 'ASTORGA'),
	(27, 'Eulalia', 'Garcia', 'Marquez', '09798287B', 'CONFORCOS', '0015', 'ES', '23658965274585223202', 'ES6223658965274585223202', 'EGM00@vehiculos2025.com', 0, 'TRUCHAS'),
	(28, 'Generoso', 'Pisabarro', 'Rodriguez', '09752293V', 'RESIDENCIAL LAS FUENTES', '0018', 'ES', '20960043042158800000', 'ES8220960043042158800000', 'GPR00@vehiculos2025.com', 0, 'TRUCHAS'),
	(29, 'Nelida', 'Garcia', 'Calleja', '09804256T', 'GENERAL', '0043', 'ES', '36245978133245679001', 'ES5736245978133245679001', 'NGC00@vehiculos2025.com', 0, 'TRUCHAS'),
	(30, 'Marta', 'Herrero', 'Garcia', '09806108N', 'RIO TORIO', '0060', 'SM', '23221158252545471411', 'SM4423221158252545471411', 'MHG00@vehiculos2025.com', 0, 'BENAVIDES'),
	(31, 'Gabriel', 'Moncada', 'Martinez', '11398830F', 'REGUERO (EL)', '0002', 'IE', '51556584221251000254', 'IE6851556584221251000254', 'GMM03@vehiculos2025.com', 0, 'TRUCHAS'),
	(32, 'Gonzalo', 'Perez', 'Martinez', '09799247M', 'VIÑA (LA)', '0007', 'FI', '32658012367712548745', 'FI6132658012367712548745', 'GPM00@vehiculos2025.com', 0, 'ASTORGA'),
	(33, 'Emiliano', 'Alvarez', 'Martinez', '09800420M', 'PEÑA SANTA', '0187', 'ES', '23652365142254222000', 'ES7223652365142254222000', 'EAM00@vehiculos2025.com', 0, 'VALVERDE'),
	(34, 'Bonifacio', 'Fresco', 'Sanchez', '09754339Q', 'RIO PORMA', '0136', 'ES', '51651681961210656510', 'ES3251651681961210656510', 'BFS00@vehiculos2025.com', 0, 'BENAVIDES'),
	(35, 'Miguel', 'Lopez', 'Carro', '09807895M', 'HUERTOS (LOS)', '0001', 'SE', '32574512085411002255', 'SE6832574512085411002255', 'MLC01@vehiculos2025.com', 0, 'TRUCHAS'),
	(36, 'Elisa', 'Bernal', 'Cerro', '11966672W', 'JUAN CARLOS I', '0012', 'ES', '55065688761051056105', 'ES6855065688761051056105', 'EBC00@vehiculos2025.com', 0, 'BENAVIDES'),
	(37, 'Melisa', 'Marin', 'Melcon', '09800921T', 'SENDA (LA)', '0002', 'FR', '20012541150023365233', 'FR3820012541150023365233', 'MMM00@vehiculos2025.com', 0, 'TRUCHAS'),
	(38, 'Carmen', 'Garcia', 'Del amo', '11959249P', 'MADRID', '0012', 'CZ', '36250012804785523365', 'CZ9536250012804785523365', 'CGD00@vehiculos2025.com', 0, 'BENAVIDES'),
	(39, 'Mario', 'Herrero', 'Coello ', '10160508M', 'REAL', '0097', 'AT', '65645150865168448896', 'AT8365645150865168448896', 'MHC00@vehiculos2025.com', 0, 'TRUCHAS'),
	(40, 'Maria', 'Fernandez', 'Del amo', '10193861P', 'MANZANALES (LOS)', '0004', 'HU', '99558741836555551120', 'HU2399558741836555551120', 'MFD00@vehiculos2025.com', 0, 'VALVERDE'),
	(41, 'Serafin', 'De la fuente', 'Manzanares', '09798076F', 'CONFORCOS', '0007', 'ES', '63516541828944000984', 'ES8163516541828944000984', 'SDM00@vehiculos2025.com', 0, 'BENAVIDES'),
	(42, 'Diana', 'Martines', 'Centeno', '11637421L', 'JUAN CARLOS I', '0010', 'LT', '62541122421110105611', 'LT9362541122421110105611', 'DMC00@vehiculos2025.com', 0, 'BENAVIDES'),
	(43, 'Sara', 'Florez', 'Prieto', '09736219C', 'MONTE (EL)', '0034', 'ES', '23164897642213030615', 'ES4723164897642213030615', 'SFP00@vehiculos2025.com', 0, 'ASTORGA'),
	(44, 'Israel', 'Amo', 'Gomara', '09762293N', 'VALLE (EL)', '0006', 'DE', '22631245526916432102', 'DE7822631245526916432102', 'IAG00@vehiculos2025.com', 0, 'BENAVIDES'),
	(45, 'Antonio', 'Fernandez', 'Garcia', '09782419J', 'CONFORCOS', '0003', 'ES', '33218885441445121022', 'ES1933218885441445121022', 'AFG00@vehiculos2025.com', 0, 'BENAVIDES'),
	(46, 'Dolores', 'Lopez', 'Robles', '09737631Y', 'PINOS (LOS)', '0254', 'ES', '85461325251978750005', 'ES6885461325251978750005', 'DLR00@vehiculos2025.com', 0, 'BENAVIDES'),
	(47, 'Cecilia', 'Garcia', 'Montiel', '09720969L', 'PEÑA UBIÑA', '0188', 'ES', '25516848021156151054', 'ES0425516848021156151054', 'CGM00@vehiculos2025.com', 0, 'BENAVIDES'),
	(48, 'Saaida', 'Blanco', 'Garcia', '09782302B', 'CONFORCOS', '0007', 'ES', '33620012937852100256', 'ES1633620012937852100256', 'SBG00@vehiculos2025.com', 0, 'TRUCHAS'),
	(49, 'Concepcion', 'Blanco', 'Gutierrez', '09790982C', 'CONFORCOS', '0011', 'ES', '21416325811510005514', 'ES7221416325811510005514', 'CBG00@vehiculos2025.com', 0, 'TRUCHAS'),
	(50, 'Cruz', 'Fernandez', 'Cascallana', '09807896Y', 'FUENTE (LA)', '0008', 'ES', '20960043013468900000', 'ES4420960043013468900000', 'CFC00@vehiculos2025.com', 0, 'ASTORGA'),
	(51, 'Sonia', 'Pisabarro', 'Rodriguez', '09752292Q', 'NAVAS (LAS)', '0000', 'ES', '20960043073071400000', 'ES5020960043073071400000', 'SPR00@vehiculos2025.com', 0, 'BENAVIDES'),
	(52, 'Soledad', 'Otero', 'Gonzalez', '09786577P', 'SIN SALIDA', '0001', 'ES', '20960043033000100000', 'ES8020960043033000100000', 'SOG00@vehiculos2025.com', 0, 'BENAVIDES'),
	(53, 'Montserrat', 'Garcia', 'Fernandez', '09801107W', 'PLAZUELA (LA)', '0005', 'ES', '32584216971684051000', 'ES9232584216971684051000', 'MGF00@vehiculos2025.com', 0, 'ASTORGA'),
	(54, 'Miguel', 'Fernandez', 'Coello ', '11971207Y', 'COTANO', '0008', 'ES', '21651651812511133547', 'ES0421651651812511133547', 'MFC00@vehiculos2025.com', 0, 'BENAVIDES'),
	(55, 'Clara', 'Sanchez', 'Nuñez', '09722591P', 'IGLESIA (LA)', '0007', 'ES', '34698752714600549403', 'ES4534698752714600549403', 'CSN00@vehiculos2025.com', 0, 'TRUCHAS'),
	(56, 'Jose Antonio', 'Alonso', 'Cabero', '09802657B', 'POZO (EL)', '0006', 'ES', '95485212315484010000', 'ES7395485212315484010000', 'JAC00@vehiculos2025.com', 0, 'VALVERDE'),
	(57, 'Cruz', 'De la fuente', 'De la puente', '11957847D', 'ACEBOS (LOS)', '0294', 'ES', '51651487910005118185', 'ES6851651487910005118185', 'CDD00@vehiculos2025.com', 0, 'BENAVIDES'),
	(58, 'Vittorio', 'Vara', 'Gonzalez', '09787319Z', 'VALLE (EL)', '0002', 'PT', '36952365020014425254', 'PT3536952365020014425254', 'VVG00@vehiculos2025.com', 0, 'ASTORGA'),
	(59, 'Ismael', 'Vara', 'Cembranos', '11437269J', 'ERAS (LAS)', '0014', 'DK', '32541112811220000577', 'DK9632541112811220000577', 'IVC00@vehiculos2025.com', 0, 'BENAVIDES'),
	(60, 'Demetrio', 'Fernandez', 'Garcia', '09757444Q', 'RIO ESLA', '0115', 'ES', '66552211148855332200', 'ES5566552211148855332200', 'DFG00@vehiculos2025.com', 0, 'TRUCHAS'),
	(61, 'Hugo', 'Sanchez', 'Castro', '09808051T', 'DOCTOR RODRIGUEZ GUISASOL', '0022', 'AT', '85550564726165145610', 'AT3285550564726165145610', 'HSC00@vehiculos2025.com', 0, 'VALVERDE'),
	(62, 'Marisa', 'Sutil', 'Charro', '11673213T', 'JUAN CARLOS I', '0026', 'ES', '12548521518742146695', 'ES9712548521518742146695', 'MSC00@vehiculos2025.com', 0, 'BENAVIDES'),
	(63, 'Genaro', 'Moncada', 'Morala', '09722535K', 'IGLESIA (LA)', '0007', 'PT', '64578946740051516490', 'PT5764578946740051516490', 'GMM00@vehiculos2025.com', 25, 'ASTORGA'),
	(64, 'Latifa', 'Ramos', 'Fernandez', '09781067H', 'REAL', '0016', 'ES', '44875664127231645789', 'ES8244875664127231645789', 'LRF00@vehiculos2025.com', 0, 'VALVERDE'),
	(65, 'Armando', 'Dominguez', 'Garcia', '09780996Q', 'VALLE (EL)', '0002', 'ES', '36154231712500312566', 'ES1436154231712500312566', 'ADG00@vehiculos2025.com', 0, 'BENAVIDES'),
	(66, 'Federico', 'Diez', 'Laiz', '09791323Q', 'SIN SALIDA', '0001', 'ES', '20960056133231500000', 'ES2220960056133231500000', 'FDL00@vehiculos2025.com', 0, 'VALVERDE');

-- Volcando datos para la tabla ivtm.ordenanza: ~90 rows (aproximadamente)
INSERT INTO `ordenanza` (`id`, `ayuntamiento`, `tipoVehiculo`, `unidad`, `minimo_rango`, `maximo_rango`, `importe`) VALUES
	(1, 'BENAVIDES', 'TURISMO', 'CABALLOS', '12,00', '15,99', 128.95),
	(2, 'TRUCHAS', 'TURISMO', 'CABALLOS', '16,00', '19,99', 83.75),
	(3, 'VALVERDE', 'CAMION', 'KG', '3000,00', '9999,00', 95),
	(4, 'BENAVIDES', 'CICLOMOTOR', 'CC', '0,00', '49,99', 8.65),
	(5, 'BENAVIDES', 'TURISMO', 'CABALLOS', '8,00', '11,99', 58.5),
	(6, 'TRUCHAS', 'AUTOBUS', 'PLAZAS', '21,00', '50,00', 99.68),
	(7, 'ASTORGA', 'REMOLQUE', 'KG', '1000,00', '2999,00', 70.35),
	(8, 'TRUCHAS', 'REMOLQUE', 'KG', '1000,00', '2999,00', 23.45),
	(9, 'BENAVIDES', 'AUTOBUS', 'PLAZAS', '51,00', '9999,00', 240.5),
	(10, 'TRUCHAS', 'CAMION', 'KG', '3000,00', '9999,00', 104.23),
	(11, 'BENAVIDES', 'REMOLQUE', 'KG', '3000,00', '9999999,00', 140.15),
	(12, 'BENAVIDES', 'TURISMO', 'CABALLOS', '0,00', '7,99', 20.95),
	(13, 'VALVERDE', 'TURISMO', 'CABALLOS', '0,00', '7,99', 20),
	(14, 'TRUCHAS', 'TURISMO', 'CABALLOS', '12,00', '15,99', 64.48),
	(15, 'BENAVIDES', 'TURISMO', 'CABALLOS', '16,00', '19,99', 167.5),
	(16, 'BENAVIDES', 'CAMION', 'KG', '0,00', '999,00', 68),
	(17, 'TRUCHAS', 'MOTOCICLETA', 'CC', '500,01', '1000,00', 29.25),
	(18, 'TRUCHAS', 'REMOLQUE', 'KG', '3000,00', '9999999,00', 70.08),
	(19, 'BENAVIDES', 'AUTOBUS', 'PLAZAS', '21,00', '50,00', 199.35),
	(20, 'BENAVIDES', 'TRACTOR', 'CABALLOS', '25,01', '9999,00', 140.15),
	(21, 'TRUCHAS', 'CICLOMOTOR', 'CC', '0,00', '49,99', 4.33),
	(22, 'TRUCHAS', 'REMOLQUE', 'KG', '751,00', '999,00', 14.95),
	(23, 'VALVERDE', 'REMOLQUE', 'KG', '751,00', '999,00', 37),
	(24, 'TRUCHAS', 'CAMION', 'KG', '0,00', '999,00', 34),
	(25, 'ASTORGA', 'CICLOMOTOR', 'CC', '0,00', '49,99', 13),
	(26, 'ASTORGA', 'TURISMO', 'CABALLOS', '8,00', '11,99', 87.75),
	(27, 'ASTORGA', 'REMOLQUE', 'KG', '3000,00', '9999999,00', 210),
	(28, 'ASTORGA', 'REMOLQUE', 'KG', '751,00', '999,00', 44.85),
	(29, 'ASTORGA', 'MOTOCICLETA', 'CC', '500,01', '1000,00', 87.75),
	(30, 'ASTORGA', 'MOTOCICLETA', 'CC', '0,00', '125,00', 13.26),
	(31, 'BENAVIDES', 'MOTOCICLETA', 'CC', '125,01', '250,00', 15.14),
	(32, 'ASTORGA', 'MOTOCICLETA', 'CC', '250,01', '500,00', 45.45),
	(33, 'VALVERDE', 'TRACTOR', 'CABALLOS', '0,00', '15,99', 20),
	(34, 'TRUCHAS', 'MOTOCICLETA', 'CC', '125,01', '250,00', 7.57),
	(35, 'ASTORGA', 'CAMION', 'KG', '10000,00', '9999999,00', 407),
	(36, 'BENAVIDES', 'CAMION', 'KG', '1000,00', '2999,00', 140.15),
	(37, 'BENAVIDES', 'REMOLQUE', 'KG', '751,00', '999,00', 29.9),
	(38, 'ASTORGA', 'AUTOBUS', 'PLAZAS', '0,00', '20,00', 210.22),
	(39, 'VALVERDE', 'CAMION', 'KG', '1000,00', '2999,00', 60),
	(40, 'ASTORGA', 'AUTOBUS', 'PLAZAS', '51,00', '9999,00', 360.75),
	(41, 'TRUCHAS', 'TURISMO', 'CABALLOS', '0,00', '7,99', 10.48),
	(42, 'TRUCHAS', 'TURISMO', 'CABALLOS', '8,00', '11,99', 29.25),
	(43, 'TRUCHAS', 'TURISMO', 'CABALLOS', '20,00', '9999,00', 104.7),
	(44, 'BENAVIDES', 'CAMION', 'KG', '10000,00', '9999999,00', 271.85),
	(45, 'VALVERDE', 'TRACTOR', 'CABALLOS', '16,00', '25,00', 30),
	(46, 'TRUCHAS', 'TRACTOR', 'CABALLOS', '16,00', '25,00', 23.45),
	(47, 'ASTORGA', 'TURISMO', 'CABALLOS', '20,00', '9999,00', 314.1),
	(48, 'BENAVIDES', 'REMOLQUE', 'KG', '1000,00', '2999,00', 46.9),
	(49, 'ASTORGA', 'TURISMO', 'CABALLOS', '16,00', '19,99', 251.25),
	(50, 'TRUCHAS', 'CAMION', 'KG', '10000,00', '9999999,00', 135.93),
	(51, 'ASTORGA', 'CAMION', 'KG', '0,00', '999,00', 102),
	(52, 'ASTORGA', 'TURISMO', 'CABALLOS', '12,00', '15,99', 193.4),
	(53, 'ASTORGA', 'TRACTOR', 'CABALLOS', '0,00', '15,99', 44.85),
	(54, 'BENAVIDES', 'TURISMO', 'CABALLOS', '20,00', '9999,00', 209.4),
	(55, 'BENAVIDES', 'CAMION', 'KG', '3000,00', '9999,00', 208.45),
	(56, 'BENAVIDES', 'AUTOBUS', 'PLAZAS', '0,00', '20,00', 140.15),
	(57, 'ASTORGA', 'TRACTOR', 'CABALLOS', '25,01', '9999,00', 210),
	(58, 'VALVERDE', 'AUTOBUS', 'PLAZAS', '51,00', '9999,00', 120),
	(59, 'VALVERDE', 'AUTOBUS', 'PLAZAS', '0,00', '20,00', 80),
	(60, 'BENAVIDES', 'MOTOCICLETA', 'CC', '250,01', '500,00', 30.3),
	(61, 'ASTORGA', 'TURISMO', 'CABALLOS', '0,00', '7,99', 31.43),
	(62, 'VALVERDE', 'TURISMO', 'CABALLOS', '8,00', '11,99', 30),
	(63, 'TRUCHAS', 'MOTOCICLETA', 'CC', '1000,01', '9999,00', 60.58),
	(64, 'TRUCHAS', 'CAMION', 'KG', '1000,00', '2999,00', 70.08),
	(65, 'ASTORGA', 'TRACTOR', 'CABALLOS', '16,00', '25,00', 70.35),
	(66, 'VALVERDE', 'CAMION', 'KG', '0,00', '999,00', 45),
	(67, 'TRUCHAS', 'TRACTOR', 'CABALLOS', '0,00', '15,99', 14.95),
	(68, 'VALVERDE', 'TURISMO', 'CABALLOS', '12,00', '15,99', 40),
	(69, 'ASTORGA', 'CAMION', 'KG', '3000,00', '9999,00', 312),
	(70, 'ASTORGA', 'CAMION', 'KG', '1000,00', '2999,00', 210),
	(71, 'BENAVIDES', 'MOTOCICLETA', 'CC', '0,00', '125,00', 8.84),
	(72, 'VALVERDE', 'TRACTOR', 'CABALLOS', '25,01', '9999,00', 72),
	(73, 'TRUCHAS', 'MOTOCICLETA', 'CC', '250,01', '500,00', 15.15),
	(74, 'VALVERDE', 'REMOLQUE', 'KG', '1000,00', '2999,00', 45),
	(75, 'VALVERDE', 'CAMION', 'KG', '10000,00', '9999999,00', 120),
	(76, 'BENAVIDES', 'MOTOCICLETA', 'CC', '500,01', '1000,00', 58.5),
	(77, 'BENAVIDES', 'TRACTOR', 'CABALLOS', '0,00', '15,99', 29.9),
	(78, 'ASTORGA', 'AUTOBUS', 'PLAZAS', '21,00', '50,00', 299),
	(79, 'VALVERDE', 'TURISMO', 'CABALLOS', '20,00', '9999,00', 60),
	(80, 'ASTORGA', 'MOTOCICLETA', 'CC', '125,01', '250,00', 22.71),
	(81, 'VALVERDE', 'TURISMO', 'CABALLOS', '16,00', '19,99', 50),
	(82, 'TRUCHAS', 'AUTOBUS', 'PLAZAS', '51,00', '9999,00', 120.25),
	(83, 'TRUCHAS', 'TRACTOR', 'CABALLOS', '25,01', '9999,00', 70.08),
	(84, 'ASTORGA', 'MOTOCICLETA', 'CC', '1000,01', '9999,00', 181.74),
	(85, 'VALVERDE', 'AUTOBUS', 'PLAZAS', '21,00', '50,00', 100),
	(86, 'BENAVIDES', 'MOTOCICLETA', 'CC', '1000,01', '9999,00', 121.16),
	(87, 'TRUCHAS', 'AUTOBUS', 'PLAZAS', '0,00', '20,00', 70.08),
	(88, 'TRUCHAS', 'MOTOCICLETA', 'CC', '0,00', '125,00', 4.42),
	(89, 'VALVERDE', 'REMOLQUE', 'KG', '3000,00', '9999999,00', 91),
	(90, 'BENAVIDES', 'TRACTOR', 'CABALLOS', '16,00', '25,00', 46.9);

-- Volcando datos para la tabla ivtm.recibos: ~36 rows (aproximadamente)
INSERT INTO `recibos` (`numRecibo`, `fechaPadron`, `fechaRecibo`, `nifContribuyente`, `direccionCompleta`, `IBAN`, `tipoVehiculo`, `marcaModelo`, `unidad`, `valorUnidad`, `totalRecibo`, `exencion`, `bonificacion`, `email`, `ayuntamiento`, `idContribuyente`, `idVehiculo`) VALUES
	(1, '2024-01-01', '2025-05-26', '09806108N', 'RIO TORIO', 'SM4423221158252545471411', 'MOTOCICLETA', 'CITROEN XANTIA', 'CC', 300, 30.3, 'N', 0, 'MHG00@vehiculos2025.com', 'BENAVIDES', 30, 1),
	(3, '2024-01-01', '2025-05-26', '09804568J', 'GENERAL', 'ES7631245164156597845124', 'MOTOCICLETA', 'PEUGEOT 307 5P', 'CC', 125, 13.26, 'N', 0, 'MLC00@vehiculos2025.com', 'ASTORGA', 21, 2),
	(5, '2024-01-01', '2025-05-26', '09807895M', 'HUERTOS (LOS)', 'SE6832574512085411002255', 'MOTOCICLETA', 'VOLKSWAGEN TIGUAN', 'CC', 600, 29.25, 'N', 0, 'MLC01@vehiculos2025.com', 'TRUCHAS', 35, 3),
	(7, '2024-01-01', '2025-05-26', '09790982C', 'CONFORCOS', 'ES7221416325811510005514', 'CAMION', 'TOYOTA D1', 'KG', 2500, 52.56, 'N', 0, 'CBG00@vehiculos2025.com', 'TRUCHAS', 49, 4),
	(9, '2024-01-01', '2025-05-26', '09722827Z', 'IGLESIA (LA)', 'ES2766649444162310000255', 'TRACTOR', 'JOHN DEERE C37', 'CABALLOS', 14, 14.95, 'N', 50, 'ALO00@vehiculos2025.com', 'BENAVIDES', 8, 5),
	(11, '2024-01-01', '2025-05-26', '09722535K', 'IGLESIA (LA)', 'PT5764578946740051516490', 'MOTOCICLETA', 'HONDA SCOOTER300', 'CC', 300, 34.09, 'N', 25, 'GMM00@vehiculos2025.com', 'ASTORGA', 63, 6),
	(13, '2024-01-01', '2025-05-26', '09808127F', 'SENDA (LA)', 'ES3925165151118666365100', 'AUTOBUS', 'OPEL B3', 'PLAZAS', 15, 40, 'N', 0, 'ROG00@vehiculos2025.com', 'VALVERDE', 5, 7),
	(15, '2024-01-01', '2025-05-26', '09720969L', 'PEÑA UBIÑA', 'ES0425516848021156151054', 'MOTOCICLETA', 'YAMAHA MTN850-A', 'CC', 125, 8.84, 'N', 0, 'CGM00@vehiculos2025.com', 'BENAVIDES', 47, 8),
	(17, '2024-01-01', '2025-05-26', '09787319Z', 'VALLE (EL)', 'PT3536952365020014425254', 'AUTOBUS', 'BYD J4', 'PLAZAS', 65, 360.75, 'N', 0, 'VVG00@vehiculos2025.com', 'ASTORGA', 58, 9),
	(19, '2024-01-01', '2025-05-26', '09723206W', 'PENILLA', 'FR5623185484465641685100', 'MOTOCICLETA', 'YAMAHA GR900', 'CC', 900, 87.75, 'N', 0, 'GMM01@vehiculos2025.com', 'ASTORGA', 1, 10),
	(21, '2024-01-01', '2025-05-26', '09802657B', 'POZO (EL)', 'ES7395485212315484010000', 'REMOLQUE', 'RENAULT V455', 'KG', 3250, 91, 'N', 0, 'JAC00@vehiculos2025.com', 'VALVERDE', 56, 11),
	(23, '2024-01-01', '2025-05-26', '09791120C', 'SIN SALIDA', 'LU0932628484504115151115', 'CAMION', 'OPEL X1', 'KG', 6500, 234, 'N', 0, 'MSH00@vehiculos2025.com', 'ASTORGA', 16, 12),
	(25, '2024-01-01', '2025-05-26', '09720969L', 'PEÑA UBIÑA', 'ES0425516848021156151054', 'MOTOCICLETA', 'FORD ESCORT', 'CC', 900, 58.5, 'N', 0, 'CGM00@vehiculos2025.com', 'BENAVIDES', 47, 13),
	(27, '2024-01-01', '2025-05-26', '09722591P', 'IGLESIA (LA)', 'ES4534698752714600549403', 'TRACTOR', 'JOHN DEERE N91', 'CABALLOS', 20, 5.86, 'N', 0, 'CSN00@vehiculos2025.com', 'TRUCHAS', 55, 14),
	(29, '2024-01-01', '2025-05-26', '09807896Y', 'FUENTE (LA)', 'ES4420960043013468900000', 'MOTOCICLETA', 'YAMAHA Q3', 'CC', 1500, 181.74, 'N', 0, 'CFC00@vehiculos2025.com', 'ASTORGA', 50, 15),
	(30, '2025-01-01', '2025-05-26', '09791323Q', 'SIN SALIDA', 'ES2220960056133231500000', 'CAMION', 'OPEL R1', 'KG', 12500, 90, 'N', 0, 'FDL00@vehiculos2025.com', 'VALVERDE', 66, 16),
	(32, '2025-01-01', '2025-05-26', '09806108N', 'RIO TORIO', 'SM4423221158252545471411', 'MOTOCICLETA', 'CITROEN XANTIA', 'CC', 300, 30.3, 'N', 0, 'MHG00@vehiculos2025.com', 'BENAVIDES', 30, 1),
	(34, '2025-01-01', '2025-05-26', '09804568J', 'GENERAL', 'ES7631245164156597845124', 'MOTOCICLETA', 'PEUGEOT 307 5P', 'CC', 125, 13.26, 'N', 0, 'MLC00@vehiculos2025.com', 'ASTORGA', 21, 2),
	(36, '2025-01-01', '2025-05-26', '09720969L', 'PEÑA UBIÑA', 'ES0425516848021156151054', 'MOTOCICLETA', 'FORD ESCORT', 'CC', 900, 58.5, 'N', 0, 'CGM00@vehiculos2025.com', 'BENAVIDES', 47, 13),
	(38, '2025-01-01', '2025-05-26', '09808127F', 'SENDA (LA)', 'ES3925165151118666365100', 'AUTOBUS', 'OPEL B3', 'PLAZAS', 15, 80, 'N', 0, 'ROG00@vehiculos2025.com', 'VALVERDE', 5, 7),
	(40, '2025-01-01', '2025-05-26', '09723206W', 'PENILLA', 'FR5623185484465641685100', 'TURISMO', 'RENAULT MEGANE', 'CABALLOS', 11.64, 0, 'S', 0, 'GMM01@vehiculos2025.com', 'ASTORGA', 1, 17),
	(42, '2025-01-01', '2025-05-26', '09790982C', 'CONFORCOS', 'ES7221416325811510005514', 'CAMION', 'TOYOTA D1', 'KG', 2500, 70.08, 'N', 0, 'CBG00@vehiculos2025.com', 'TRUCHAS', 49, 4),
	(44, '2025-01-01', '2025-05-26', '09791120C', 'SIN SALIDA', 'LU0932628484504115151115', 'CAMION', 'OPEL X1', 'KG', 6500, 312, 'N', 0, 'MSH00@vehiculos2025.com', 'ASTORGA', 16, 12),
	(46, '2025-01-01', '2025-05-26', '09722535K', 'IGLESIA (LA)', 'PT5764578946740051516490', 'MOTOCICLETA', 'HONDA SCOOTER300', 'CC', 300, 34.09, 'N', 25, 'GMM00@vehiculos2025.com', 'ASTORGA', 63, 6),
	(48, '2025-01-01', '2025-05-26', '09723206W', 'PENILLA', 'FR5623185484465641685100', 'MOTOCICLETA', 'YAMAHA GR900', 'CC', 900, 87.75, 'N', 0, 'GMM01@vehiculos2025.com', 'ASTORGA', 1, 10),
	(50, '2025-01-01', '2025-05-26', '09782302B', 'CONFORCOS', 'ES1633620012937852100256', 'TURISMO', 'PEUGEOT 507', 'CABALLOS', 26.03, 78.53, 'N', 0, 'SBG00@vehiculos2025.com', 'TRUCHAS', 48, 18),
	(52, '2025-01-01', '2025-05-26', '09722591P', 'IGLESIA (LA)', 'ES4534698752714600549403', 'TRACTOR', 'JOHN DEERE N91', 'CABALLOS', 20, 23.45, 'N', 0, 'CSN00@vehiculos2025.com', 'TRUCHAS', 55, 14),
	(54, '2025-01-01', '2025-05-26', '09786577P', 'SIN SALIDA', 'ES8020960043033000100000', 'AUTOBUS', 'MERCEDES H2', 'PLAZAS', 35, 99.68, 'N', 0, 'SOG00@vehiculos2025.com', 'BENAVIDES', 52, 19),
	(56, '2025-01-01', '2025-05-26', '09787319Z', 'VALLE (EL)', 'PT3536952365020014425254', 'AUTOBUS', 'BYD J4', 'PLAZAS', 65, 360.75, 'N', 0, 'VVG00@vehiculos2025.com', 'ASTORGA', 58, 9),
	(58, '2025-01-01', '2025-05-26', '09807895M', 'HUERTOS (LOS)', 'SE6832574512085411002255', 'MOTOCICLETA', 'VOLKSWAGEN TIGUAN', 'CC', 600, 29.25, 'N', 0, 'MLC01@vehiculos2025.com', 'TRUCHAS', 35, 3),
	(60, '2025-01-01', '2025-05-26', '09720969L', 'PEÑA UBIÑA', 'ES0425516848021156151054', 'MOTOCICLETA', 'YAMAHA MTN850-A', 'CC', 125, 8.84, 'N', 0, 'CGM00@vehiculos2025.com', 'BENAVIDES', 47, 8),
	(62, '2025-01-01', '2025-05-26', '09722827Z', 'IGLESIA (LA)', 'ES2766649444162310000255', 'TRACTOR', 'JOHN DEERE C37', 'CABALLOS', 14, 14.95, 'N', 50, 'ALO00@vehiculos2025.com', 'BENAVIDES', 8, 5),
	(64, '2025-01-01', '2025-05-26', '09789575Q', 'MADRID', 'ES3220960583831234500000', 'CAMION', 'OPEL M1', 'KG', 950, 33.75, 'N', 0, 'MBG00@vehiculos2025.com', 'VALVERDE', 11, 20),
	(66, '2025-01-01', '2025-05-26', '09781327W', 'SIN SALIDA', 'ES7920960031442124800000', 'TURISMO', 'RENAULT MEGANE', 'CABALLOS', 21.05, 104.7, 'N', 0, 'LCG00@vehiculos2025.com', 'BENAVIDES', 20, 21),
	(68, '2025-01-01', '2025-05-26', '09807896Y', 'FUENTE (LA)', 'ES4420960043013468900000', 'MOTOCICLETA', 'YAMAHA Q3', 'CC', 1500, 181.74, 'N', 0, 'CFC00@vehiculos2025.com', 'ASTORGA', 50, 15),
	(70, '2025-01-01', '2025-05-26', '09802657B', 'POZO (EL)', 'ES7395485212315484010000', 'REMOLQUE', 'RENAULT V455', 'KG', 3250, 91, 'N', 0, 'JAC00@vehiculos2025.com', 'VALVERDE', 56, 11);

-- Volcando datos para la tabla ivtm.vehiculos: ~26 rows (aproximadamente)
INSERT INTO `vehiculos` (`idVehiculo`, `tipo`, `marca`, `modelo`, `matricula`, `numeroBastidor`, `caballosFiscales`, `plazas`, `centimetroscubicos`, `kgcarga`, `exencion`, `fechaMatriculacion`, `fechaAlta`, `fechaBaja`, `fechaBajaTemporal`, `idContribuyente`, `idOrdenanza`) VALUES
	(1, 'MOTOCICLETA', 'CITROEN', 'XANTIA', '7635BNL', 'VF1FW18M552505376', NULL, 300, 300, NULL, 'N', '2020-01-27', '2023-01-27', NULL, NULL, 30, 71),
	(2, 'MOTOCICLETA', 'PEUGEOT', '307 5P', '1234PLZ', 'VF33CRHYB83885473', NULL, 125, 125, NULL, 'N', '2020-01-26', '2023-01-26', NULL, NULL, 21, 30),
	(3, 'MOTOCICLETA', 'VOLKSWAGEN', 'TIGUAN', '2541LDE', 'VTRCG3030F0947139', NULL, 600, 600, NULL, 'N', '2020-01-28', '2023-01-28', NULL, NULL, 35, 88),
	(4, 'CAMION', 'TOYOTA', 'D1', 'BU4567AD', 'VSSZZZ6LZ8R121527', NULL, NULL, NULL, 2500, 'N', '2020-01-13', '2024-06-13', NULL, NULL, 49, 64),
	(5, 'TRACTOR', 'JOHN DEERE', 'C37', 'E2569ABD', 'W0L0TGF48X5100122', 14, NULL, NULL, NULL, 'N', '2020-01-01', '2023-09-30', NULL, NULL, 8, 77),
	(6, 'MOTOCICLETA', 'HONDA', 'SCOOTER300', '1262ABC', 'TMAD331UAEJ001412', NULL, 300, 300, NULL, 'N', '2020-01-27', '2023-06-01', NULL, NULL, 63, 80),
	(7, 'AUTOBUS', 'OPEL', 'B3', 'M7', 'VSSZZZ6KZ2R038977', NULL, 15, NULL, NULL, 'N', '2020-01-08', '2024-09-01', NULL, NULL, 5, 59),
	(8, 'MOTOCICLETA', 'YAMAHA', 'MTN850-A', '1261ABC', 'W0L0AHL4858136249', NULL, 125, 125, NULL, 'N', '2020-01-26', '2023-12-15', NULL, NULL, 47, 71),
	(9, 'AUTOBUS', 'BYD', 'J4', 'LE1500', 'WVWZZZ1KZ7B024041', NULL, 65, NULL, NULL, 'N', '2020-01-10', '2023-01-10', NULL, NULL, 58, 78),
	(10, 'MOTOCICLETA', 'YAMAHA', 'GR900', '6378ABC', 'WF0FXXWPDF3Y47888', NULL, 900, 900, NULL, 'N', '2020-01-29', '2023-01-29', NULL, NULL, 1, 80),
	(11, 'REMOLQUE', 'RENAULT', 'V455', 'H2564LPI', 'YS3FF46WX51056758', NULL, NULL, NULL, 3250, 'N', '1998-01-23', '2023-01-23', NULL, NULL, 56, 89),
	(12, 'CAMION', 'OPEL', 'X1', 'LE2323RE', 'VF7VDWT0005WT0209', NULL, NULL, NULL, 6500, 'N', '2020-01-14', '2024-04-14', NULL, NULL, 16, 70),
	(13, 'MOTOCICLETA', 'FORD', 'ESCORT', 'H1258B', 'VF7MFWJYB65831272', NULL, 900, 900, NULL, 'N', '2024-01-01', '2024-01-01', NULL, NULL, 47, 76),
	(14, 'TRACTOR', 'JOHN DEERE', 'N91', 'LE345', 'XTA21214031711893', 20, NULL, NULL, NULL, 'N', '2020-01-18', '2024-12-31', '2025-10-15', NULL, 55, 67),
	(15, 'MOTOCICLETA', 'YAMAHA', 'Q3', '1485LPM', 'VF7N0RHYB73531591', NULL, 1500, 1500, NULL, 'N', '2020-01-30', '2023-01-30', NULL, NULL, 50, 84),
	(16, 'CAMION', 'OPEL', 'R1', '1284ABC', 'WVWZZZ1JZ3B190985', NULL, NULL, NULL, 12500, 'N', '2020-01-15', '2025-06-15', NULL, NULL, 66, 75),
	(17, 'TURISMO', 'RENAULT', 'MEGANE', 'LE0010L', 'KMJWVH7HP2U456263', 11.64, NULL, NULL, NULL, 'S', '2020-01-01', '2025-04-03', '2025-10-10', NULL, 1, 61),
	(18, 'TURISMO', 'PEUGEOT', '507', 'M1', 'WVWZZZ1JZ3W451498', 26.03, NULL, NULL, NULL, 'N', '2020-01-05', '2025-04-05', NULL, NULL, 48, 43),
	(19, 'AUTOBUS', 'MERCEDES', 'H2', 'O3876PP', 'UU15SDAG548391805', NULL, 35, NULL, NULL, 'N', '2020-01-09', '2025-07-09', NULL, NULL, 52, 56),
	(20, 'CAMION', 'OPEL', 'M1', 'M3487', 'WF0UXXGAJU5M80705', NULL, NULL, NULL, 950, 'N', '2020-01-12', '2025-05-03', '2025-12-01', NULL, 11, 66),
	(21, 'TURISMO', 'RENAULT', 'MEGANE', 'LE34', 'VF1SB8M0537878580', 21.05, NULL, NULL, NULL, 'N', '2020-01-04', '2025-09-04', NULL, NULL, 20, 54);

/*!40103 SET TIME_ZONE=IFNULL(@OLD_TIME_ZONE, 'system') */;
/*!40101 SET SQL_MODE=IFNULL(@OLD_SQL_MODE, '') */;
/*!40014 SET FOREIGN_KEY_CHECKS=IFNULL(@OLD_FOREIGN_KEY_CHECKS, 1) */;
/*!40101 SET CHARACTER_SET_CLIENT=@OLD_CHARACTER_SET_CLIENT */;
/*!40111 SET SQL_NOTES=IFNULL(@OLD_SQL_NOTES, 1) */;
